id	word1	word2	headline
zh_0001	-	-	婚姻登记“全国通办”后首个七夕节，众多城市新人领证数量创“小高峰”
zh_0002	-	-	上合可持续发展合作故事
zh_0003	-	-	全球最大！我国自主研制，成功吊装
zh_0004	-	-	宪法法院裁定违宪，他信家族再遭打击，佩通坦被解除泰国总理职务
zh_0005	-	-	华盛顿应从“多国停运对美包裹”中领悟什么
zh_0006	-	-	教育部发布2025年第3号留学预警
zh_0007	-	-	欧洲一体化进程正发生微妙转型
zh_0008	-	-	“堤丰”入日为地区安全埋雷
zh_0009	-	-	日美“延伸威慑”换不来战略安全
zh_0010	-	-	遏制假科普歪风,平台身份验证是核心
zh_0011	-	-	天津峰会将彰显上合更强凝聚力
zh_0012	-	-	堪培拉能走通这条“中间道路”吗
zh_0013	-	-	“单独行动”为法国招来盟友怀疑
zh_0014	-	-	优化网约车市场，仅降抽成还不够
zh_0015	-	-	完封“大罢免”反映岛内主流民意清醒认知
zh_0016	-	-	澳大利亚打“稀土牌”前算算得失
zh_0017	-	-	庞大消费市场支撑中国经济行稳致远
zh_0018	-	-	应对共同挑战，中日韩应加快签署自贸协定
zh_0019	-	-	规模经济如何定义中国未来？
zh_0020	-	-	李尹嫣奪友誼小姐 施宇琪試戴后冠 準港姐三點式綵排迎決賽 大熱陳詠詩勤操fit爆
zh_0021	-	-	寵物經濟帶動人手需求 醫療照護、善終美容 開創不一樣的寵物事業
zh_0022	-	-	珍惜生命｜香港仔六旬婦疑墮樓  無跌中消防氣墊送院亡
zh_0023	-	-	25歲熱褲女鐵騎士粉嶺公路自炒倒地 手腳大面積擦傷浴血 網民：痛死
zh_0024	-	-	將軍澳醫院醫生泄病人資料內幕　消息：兩團隊「爭」數據成導火線
zh_0025	-	-	市民外遊返港仍不消費 餐飲零售業：無助生意
zh_0026	-	-	警葵涌搗毒品倉 檢值逾2000萬元K仔
zh_0027	-	-	中大醫學院表遺憾：非中大生 醫科交流生違規手術室拍照 威院高度關注批不恰當
zh_0028	-	-	的士手機陣迎末日運物局擬修例限放兩部
zh_0029	-	-	以科技促進關愛  主動出擊應對老齡化挑戰
zh_0030	-	-	體育園舉辦3項全運賽  鄧竟成：已作細緻測試
zh_0031	-	-	體育園盛事不斷跨部門籌備專組成功臣
zh_0032	-	-	「8萬元晚餐」涉呃飯食  被捕青年揭曾騙色入獄
zh_0033	-	-	貿易議程恐生變  可引其他法例徵稅
zh_0034	-	-	關稅措施判違法特朗普揚言上訴
zh_0035	-	-	急長者所需李家超巡東區察民情
zh_0036	-	-	蘇格蘭3兄弟不斷划船139天 創渡太平洋新紀錄
zh_0037	-	-	印尼示威蔓延  地方議會大樓遭縱火3死4傷
zh_0038	-	-	莫迪石破茂同乘新幹線 加強合作交流
zh_0039	-	-	「牛郎織女」七夕成婚  滬登記量創10年新高
zh_0040	-	-	投訴魯迅壁畫誤導吸煙  網民發長文道歉
zh_0041	-	-	韓企在華製晶片禁用美設備
zh_0042	-	-	晉環複式戶每月9萬租出
zh_0043	-	-	海德園參觀紛現人流
zh_0044	-	-	屋苑交投月內錄「賺多過蝕」
zh_0045	-	-	新盤銷情穩單日沽逾百伙
zh_0046	-	-	微軟發布首批自主研發AI模型
zh_0047	-	-	借錢投資隨時萬劫不復
zh_0048	-	-	港壁錦標雙打組決賽 李嘉兒成三料冠軍
zh_0049	-	-	曼聯見財化水 貝迪斯棄購安東尼
zh_0050	-	-	艾摩廉 澄清下台謠傳
zh_0051	-	-	陳曉東宣布明年紅館開騷
zh_0052	-	-	1號李尹嫣先拔頭籌奪友誼小姐  7號施宇琪不怕后冠魔咒
zh_0053	-	-	《我愛九龍城》力展香港獨有人情味
zh_0054	-	-	"旺角私家車遇警心虛 男司機突棄車逃去 檢約300粒依托咪酯煙彈
zh_0055	-	-	英超│曼聯補時入12碼險勝般尼 取得今季第1勝
zh_0056	-	-	麥當勞1人坐卡位用餐　遭無禮家庭催促離座：我們要坐　結局絕了
zh_0057	-	-	香港律師會參與第二屆新德里國際法治大會 湯文龍談各司法區新挑戰
zh_0058	-	-	甜甜小記│蕭煒忠笑談成就
zh_0059	-	-	「大隻佬Rocky」豐滿網紅女友疑曝光  目測細30年擁6歲女兒  鄭健樂曾離婚育兩名自閉症兒子
zh_0060	-	-	香港壁球錦標賽｜集齊單打、雙打、混雙三冠  李嘉兒：出乎意料之外
zh_0061	-	-	東廊鐵騎士自炒 竟自行起身揸車逃走 遭警截獲揭「吹波仔」超標被捕
zh_0062	-	-	谷祖琳朱栢康獲韓國ACE FACE大獎  梁思浩封最耀眼主持談江欣燕哽咽
zh_0063	-	-	林家謙演唱會2025丨張柏芝驚喜現身紅館做嘉賓  合唱代表作《任何天氣》引全場尖叫
zh_0064	-	-	韩磊妻子其其格发声明称被冒充身份
zh_0065	-	-	京沪接连出手优化房地产政策，释放什么信号？
zh_0066	-	-	关于中印关系，莫迪最新表态
zh_0067	-	-	俄防长：每月控制600至700平方公里土地
zh_0068	-	-	泰国内阁任命普坦为代理总理
zh_0069	-	-	美欧持续重压，最后一刻西班牙“毁约”
zh_0070	-	-	美情报总监开启“大清洗”，中情局卧底意外被曝光
zh_0071	-	-	18万人扩充至26万，德国内阁通过扩军计划引发争议
zh_0072	-	-	网友偶遇刘强东：在夜市用塑料碗和乡亲们喝酒
zh_0073	-	-	少赚200亿元！一场外卖大战，三大巨头“流血”
zh_0074	-	-	作家马伯庸吐槽儿子语文不好：忍辱负重把孩子送到作文班
zh_0075	-	-	小学开学第一天学校塌了？当地回应
zh_0076	-	-	凤凰卫视香港台是香港国际化特质的缩影
zh_0077	-	-	“鲁迅”和禁烟风波：胡乱投诉正在侵蚀社会的消极自由
zh_0078	-	-	特朗普改口称欢迎中国学生，但很多人仍未等来签证
zh_0079	-	-	985毕业的年轻人，在西部县城考公“上岸”
zh_0080	-	-	19块9的新型“付费恋人”，正在横扫七夕？
zh_0081	-	-	高考赢家，批量“放弃”清华北大？
zh_0082	-	-	李在明白宫初登场，开启夸夸模式
zh_0083	-	-	为什么禁止网约车“一口价”既伤乘客，也伤司机？
zh_0084	-	-	驻日美军三架无人机在冲绳“无限期部署”
zh_0085	-	-	俄称击沉一艘乌军侦察舰 乌军证实该舰“遭袭”
zh_0086	-	-	印度打造国产“金穹”系统 面临众多技术难题
zh_0087	-	-	香港艾滋病病毒感染个案连续9年录得下降
zh_0088	-	-	伊朗汉学家萨贝基：我为何坚持讲述真实的中国
zh_0089	-	-	爷爷6000多次弯腰，背出了她的大学路！
zh_0090	-	-	国内多所高校公布学生会组织机构改革相关进程
zh_0091	-	-	教育部和各省（区、市）开通2025年高考举报电话
zh_0092	-	-	2024中国年度新锐榜发布：“天命人”奋起、“好东西”上桌
zh_0093	-	-	桃園豪宅保全太帥！值勤圖網瘋傳　本尊竟是「天菜排長」
zh_0094	-	-	廣東女買早餐｢老闆是16年前初戀｣重遇一刻曝光　進展神速年底結婚
zh_0095	-	-	全身覆蓋95％刺青！巴西男手術去除　曝血淚過程：痛到崩潰
zh_0096	-	-	韓國藝人「殘酷鄙視鏈」曝光！劉在錫獲獎演員沒在鳥　網友全怒了
zh_0097	-	-	78歲川普健康問題再引質疑　范斯：隨時準備好「接任總統」
zh_0098	-	-	2025年起連旺6年！「最強運5星座」出爐　事業、財富狂飆
zh_0099	-	-	八三夭高雄巨蛋開生日趴  女粉穿婚紗現身力挺
zh_0100	-	-	騎YouBike流竄台中！香港詐欺車手狂領147次得手270萬
zh_0101	喷洒	椅子	-
zh_0102	锤击	香蕉	-
zh_0103	移动	冰箱	-
zh_0104	锤击	南瓜	-
zh_0105	剥皮	南瓜	-
zh_0106	微波炉	书	-
zh_0107	喷洒	门	-
zh_0108	测量	比萨	-
zh_0109	拔掉插头	冰箱	-
zh_0110	称重	电话	-
zh_0111	去籽	番茄	-
zh_0112	喷洒	杯子	-
zh_0113	关闭	混合器	-
zh_0114	锤击	番茄	-
zh_0115	混合	南瓜	-
zh_0116	微波炉	笔记本电脑	-
zh_0117	钻孔	鸡蛋	-
zh_0118	剥皮	椰子	-
zh_0119	切割	鞋	-
zh_0120	称重	西瓜	-
zh_0121	锤击	冰箱	-
zh_0122	打开	混合器	-
zh_0123	切割	椰子	-
zh_0124	测量	熏肉	-
zh_0125	放下	冰箱	-
zh_0126	测量	南瓜	-
zh_0127	切割	笔记本电脑	-
zh_0128	洗	键盘	-
zh_0129	摇晃	树	-
zh_0130	滚动	土豆	-
zh_0131	扔	电话	-
zh_0132	扔	橙子	-
zh_0133	煎炸	电话	-
zh_0134	锤击	微波	-
zh_0135	拔掉插头	电话	-
zh_0136	称重	南瓜	-
zh_0137	测量	微波	-
zh_0138	称重	番茄	-
zh_0139	测量	西瓜	-
zh_0140	扔	勺子	-
zh_0141	微波炉	鞋	-
zh_0142	扔	衬衫	-
zh_0143	测量	烤箱	-
zh_0144	喝	蛋	-
zh_0145	扔	曲奇饼	-
zh_0146	混合	电话	-
zh_0147	锤击	车	-
zh_0148	钻孔	瓶子	-
zh_0149	切割	毛巾	-
zh_0150	锤击	鞋	-
zh_0151	锤击	蛋	-
zh_0152	锤击	电话	-
zh_0153	洗	黄瓜	-
zh_0154	摇晃	桌子	-
zh_0155	洗	西瓜	-
zh_0156	喷洒	书	-
zh_0157	洗	微波	-
zh_0158	打开	冰箱	-
zh_0159	移动	微波	-
zh_0160	测量	鞋	-
zh_0161	切割	车	-
zh_0162	洗	窗户	-
zh_0163	洗	番茄	-
zh_0164	扔	花	-
zh_0165	洗	岩石	-
zh_0166	剥皮	玉米	-
zh_0167	称重	书	-
zh_0168	喷洒	微波	-
zh_0169	滚动	胡萝卜	-
zh_0170	切割	键盘	-
zh_0171	称重	蛋	-
zh_0172	洗	冰箱	-
zh_0173	拔掉	混合器	-
zh_0174	称重	香蕉	-
zh_0175	洗	门	-
zh_0176	测量	花	-
zh_0177	称重	瓶子	-
zh_0178	切割	电话	-
zh_0179	洗	苹果	-
zh_0180	切割	南瓜	-
zh_0181	洗	毛巾	-
zh_0182	锤击	键盘	-
zh_0183	喷洒	桌子	-
zh_0184	切割	岩石	-
zh_0185	切割	书	-
zh_0186	摇晃	头发	-
zh_0187	摇晃	柠檬	-
zh_0188	测量	胡萝卜	-
zh_0189	锤击	瓶子	-
zh_0190	洗	混合器	-
zh_0191	关闭	冰箱	-
zh_0192	洗	烤箱	-
zh_0193	锤击	椰子	-
zh_0194	测量	笔记本电脑	-
zh_0195	摇晃	番茄	-
zh_0196	洗	椅子	-
zh_0197	锤击	西瓜	-
zh_0198	喷洒	鸡蛋	-
zh_0199	摇晃	花	-
zh_0200	移动	树	-
zh_0201	-	-	救援畫面曝！花蓮師生受困　特搜拉繩攙扶
zh_0202	-	-	6間恆春在地特色店家串聯  「半島拾光散策」令人玩味
zh_0203	-	-	香港构建国际黄金交易中心 人民币计价黄金纳入考量
zh_0204	-	-	呂爵安淡定玩刺激遊戲︰公司訓練到我唔嗌
zh_0205	-	-	創科資訊
zh_0206	-	-	AI淨零／ 裕民首艘超大型礦砂船裝設旋筒風帆　估減碳逾10%
zh_0207	-	-	纽约警察为总统车队封路 受阻的马克龙致电特朗普申诉
zh_0208	-	-	限貸解約真的免違約金？專家：法院不一定買單
zh_0209	-	-	开机仅两天，19岁短剧男演员因吻戏太多跑了
zh_0210	-	-	明報雜誌網站
zh_0211	-	-	拍照酿事故！警示：如此“出片”太危险！
zh_0212	-	-	“美瞳党”留神 避开这些“隐形雷区”
zh_0213	-	-	許光漢《他年她日》亞洲巡迴　TVBS貼身直擊
zh_0214	-	-	追光的你
zh_0215	-	-	岚图泰山旗舰SUV全球首秀
zh_0216	-	-	中國越野車炫技失敗當眾翻車！網友稱：災難性的示範
zh_0217	-	-	胶原重塑宜循序渐进 皮肤治疗勿求速效
zh_0218	-	-	AGF亚洲游戏博览会今日启幕 全城联动PICK你最爱
zh_0219	-	-	郭明錤：小米17系列手机的总出货量下调约20%
zh_0220	-	-	金九成色十足！北京9月住宅网签量大涨，二手房再破1.5万套创新高
zh_0221	-	-	马杜罗发文祝贺新中国成立76周年
zh_0222	-	-	社評
zh_0223	-	-	純喫茶靠「平替手搖」概念挑戰日本動畫CM與原創內容雙獎項
zh_0224	-	-	持玩具手榴彈搶金項鍊！57歲男闖銀樓　熱心民眾聯手壓制
zh_0225	-	-	星藝象娛樂
zh_0226	-	-	特别呈现 | 营收净利双增：汾酒2025半年报中的韧性与长期主义
zh_0227	-	-	指甲美容進化史！從牙醫材料到時尚潮流　「這動作」是健康與美麗關鍵
zh_0228	-	-	月色、空氣、微光原來聞起來是這樣！倫敦女生最著迷的「低調香」還沒開賣就被問爆
zh_0229	-	-	花蓮光復鄉災情不斷更新｜樺加沙颱風重創馬太鞍溪　累積14死46失聯
zh_0230	-	-	有了这些贴心好物 养狗更轻松 毛孩更幸福
zh_0231	-	-	新聞360》專家破解「共軍斬首」曝反殺戰！台灣「重大突破」藏關鍵訊號
zh_0232	-	-	影像空間
zh_0233	-	-	直播
zh_0234	-	-	旅游吧
zh_0235	-	-	青云之路：职场波谲云诡，幸有高人相助
zh_0236	-	-	國際 菲律賓強震72死結束搜救　聚焦援助2萬流離失所災民
zh_0237	-	-	时政
zh_0238	-	-	台股牛氣沖天  彭金隆盼台灣成亞洲那斯達克
zh_0239	-	-	藍黨魁辯論／張亞中逼問「柯P不如垃圾？」　鄭麗文：藍白曾是敵人 政治 2025/10/02 19:34
zh_0240	-	-	【视频】超强台风引发堰塞湖溢流 台湾花莲14人死亡
zh_0241	-	-	花蓮馬太鞍溪堰塞湖「溢流口下切80米」流掉27200座泳池 仍紅色警戒
zh_0242	-	-	中職／威能帝7局封鎖！桃猿「搶3大戰」射鷹　悍將屠獅收4連勝
zh_0243	-	-	第一观察 | 习近平总书记率中央代表团来到新疆
zh_0244	-	-	阿Ken「主持+導演」雙入圍金鐘！聞喜訊「正在炸甜甜圈」不敢激動
zh_0245	-	-	港星豪宅也躲不过台风袭击 窗台漏雨用盆接水
zh_0246	-	-	AI淨零／ 一安智能AI資安崛起  為企業築起無痛防線
zh_0247	-	-	成龙现身韩国组合SEVENTEEN演唱会
zh_0248	-	-	​（食肉不震）不值得為口…
zh_0249	-	-	张立健：AI交响曲其实只是炼金术？
zh_0250	-	-	王楚钦拒绝记者单独采访：看下几点了，我是人不是机器
zh_0251	-	-	投身手工包点 白领姐弟守手艺创新味
zh_0252	-	-	獨／劉書宏肋骨裂開陷低潮！1個月「猛掉4公斤」　自責推掉工作
zh_0253	-	-	结婚19年后，妮可·基德曼与丈夫分居
zh_0254	-	-	有台積電撐腰就不怕！群益投顧：Q4台股上看27000點
zh_0255	-	-	美联储降息前景不明朗 海指缺利好消息跌0.29%
zh_0256	-	-	新西兰南岛秋行  从库克山到皇后镇的柔刚之旅
zh_0257	-	-	逄锦华:中国经济韧性赢得外资"提前布局"
zh_0258	-	-	英語
zh_0259	-	-	沒事別吃！研究揭「正常人每天補充魚油」反增中風風險　醫師也示警
zh_0260	-	-	周浩鼎
zh_0261	-	-	人类学博士刘源：做公益是件很“好玩”的事｜故事
zh_0262	-	-	旅行
zh_0263	-	-	中秋将至，说一说南方的这项中秋习俗
zh_0264	-	-	国内
zh_0265	-	-	广州中山纪念堂红色快闪与专场音乐会温情上演，还有这些活动快来打卡→
zh_0266	-	-	財經
zh_0267	-	-	招聘信息
zh_0268	-	-	蘭嶼艦正式命名下水  強化東部巡防能量
zh_0269	-	-	视频丨心怀党恩跟党走 日子红火有奔头
zh_0270	-	-	辛納稱霸中網
zh_0271	-	-	王冠一
zh_0272	-	-	中國各地綜治中心變身「解…
zh_0273	-	-	鐵證曝光！還在救災國民黨急造謠被打臉 2025/10/02 20:40
zh_0274	-	-	即時
zh_0275	-	-	热选查看更多
zh_0276	-	-	經濟
zh_0277	-	-	國際 22:32 美財長貝森特：政府停擺可能衝擊美國GDP
zh_0278	-	-	贴近南法低声部——雄浑壮美
zh_0279	-	-	教育出版 《SPARKS》科學教育新世代
zh_0280	-	-	李在明聯大演說！提「END」倡議　盼終結兩韓對立
zh_0281	-	-	潮復刻魅力來襲！慈湖秋日盛會10/4登場
zh_0282	-	-	刘嘉铭出任启境汽车CEO
zh_0283	-	-	科技與汽車股領漲　歐股多收紅
zh_0284	-	-	救援畫面曝!花蓮師生受困 特搜拉繩攙扶｜TVBS新聞 @TVBSNEWS01
zh_0285	-	-	中國不再尋求WTO特殊待遇　美中角力及影響一次看
zh_0286	-	-	第49屆金鼎獎頒獎！李遠向出版人致敬 鄭明進自稱「最幸運的老阿公」
zh_0287	-	-	骆健佑杨佳敏晋级韩国公开赛次圈 郑加恒遭遇一轮游
zh_0288	-	-	影音
zh_0289	-	-	中秋屠妖双节庆接力登场 彩灯花卉添节日亮点
zh_0290	-	-	今彩539頭獎開2注 800萬獎落彰化、高雄
zh_0291	-	-	生活
zh_0292	-	-	新北敬老愛心卡升級！明年福利加碼為600點
zh_0293	-	-	影像
zh_0294	-	-	黃國昌稱王義川提告是為取得他的D槽 詹凌瑀：感覺到某人瑟瑟發抖 00:45 政治
zh_0295	-	-	深圳新聞
zh_0296	-	-	因未遵循一致性原则等 标普信评第二次被监管处罚
zh_0297	-	-	綠營要政院釋對花蓮縣府「殺傷力消息」？傳王定宇不滿訊息外流怒退群
zh_0298	-	-	TVBS新聞網
zh_0299	-	-	健康更多>>
zh_0300	-	-	專題
zh_0301	-	-	台中心理健康月「樂光閃耀 FUN心漫步」9月20日將熱鬧登場！
zh_0302	-	-	東協財經／ 金山電：CHINSAN（CAYMAN）對泰國子公司新增資金貸與
zh_0303	-	-	王飞凌：美国政治极化未脱离传统之轨
zh_0304	-	-	更多...
zh_0305	-	-	聯絡我們
zh_0306	-	-	Fokus Taiwan
zh_0307	-	-	中國
zh_0308	-	-	川普助銷波音　烏茲別克買22架　北京有望買5百架
zh_0309	-	-	疑噪音纠纷涉刺死31岁越南女 67岁男子被捕
zh_0310	-	-	行政院追加200億元重建花蓮！　傅崐萁：要看卓榮泰誠意 政治 2025/10/02 18:13
zh_0311	-	-	籃球》徐詩涵從小就不服輸 國中教練爆料她的小故事
zh_0312	-	-	行旅琵琶湖之都大津    禪風古寺別有動感體驗
zh_0313	-	-	“男子灌面汤呛死妻子案”第3次延期审理 理由仍是“案情复杂”
zh_0314	-	-	高雄土方清運停擺  開挖工地紛被迫停工  業界苦待清運費調漲以暫解窘況
zh_0315	-	-	花蓮災後重建
zh_0316	-	-	荷李活經典男神、奧斯卡大導　重溫羅拔烈福演藝之路
zh_0317	-	-	藍黨魁辯論／張亞中逼問「柯P不如垃圾？」　鄭麗文：藍白曾是敵人
zh_0318	-	-	佛教文化
zh_0319	-	-	高雄茂林挺花蓮 漏夜包300多個「吉拿富」送光復災區
zh_0320	-	-	NBA／熊貓快餐創辦人收購拓荒者生變　競爭買家殺出提告
zh_0321	-	-	兩岸
zh_0322	-	-	【一纸调令，峰回路转，手掌绝对权力！】重启巅峰
zh_0323	-	-	佩斯科夫：普京将以某种合适方式出席G20峰会
zh_0324	-	-	诺诚健华亏损收窄 淋巴瘤新药首开处方
zh_0325	-	-	「酸湯牛肉」開胃解膩！百香果、鳳梨創意入菜添果香
zh_0326	-	-	陈英雄：裁员之斧 挥舞不易
zh_0327	-	-	腾讯创4年半新高，港股重要数据出炉
zh_0328	-	-	好食玩飛
zh_0329	-	-	政经
zh_0330	-	-	現場直擊／許光漢回頭殺電翻越南粉絲！「1貼心舉動」越媒讚爆
zh_0331	-	-	在波羅的海不吃海「鮮」？　看立陶宛的煙燻飲食文化
zh_0332	-	-	【国会】企业汰旧换新在所难免 政府注重“人”而非“岗位”
zh_0333	-	-	體育
zh_0334	-	-	假郭正亮嗆趙　羅智強：若候選人攻擊應退選
zh_0335	-	-	官途危情：以超常规的道路，走上仕途巅峰……
zh_0336	-	-	到哪都是焦點！最有魅力「5生肖」　他天生領袖命帶團隊奪佳績
zh_0337	-	-	H-1B簽證新規懶人包》費用暴漲至10萬美元！抽籤流程＆影響一次看
zh_0338	-	-	生態文明
zh_0339	-	-	徐榛蔚到殯儀館慰問 家屬怒轟:沒人通知撤離
zh_0340	-	-	超6成私募将维持七成以上仓位，对冲基金加速买入A股
zh_0341	-	-	陳景祥
zh_0342	-	-	0914-0920一週大事
zh_0343	-	-	中國製啤酒與特定鋼品認定傾銷！財政部課反傾銷稅最高51.94%
zh_0344	-	-	凍齡玉女周思潔負債1億重生 65歲絕美樣貌曝光：該露的都會露
zh_0345	-	-	聯大場外破獲癱瘓通訊犯罪　法總統市區被擋急電川普
zh_0346	-	-	獨家》馬太鞍堰塞湖中央地方會議  花蓮縣府派沒事權者參加還一問三不知
zh_0347	-	-	專欄
zh_0348	-	-	國民黨主席選舉　候選人聚焦兩岸議題
zh_0349	-	-	Ryu與畫家女友分手內幕流出　怒：妳想把我毀了？
zh_0350	-	-	拥有良好的死亡质量是一种人权
zh_0351	-	-	中方要求美方：不见不该见的人，不同反中乱港分子串联勾结
zh_0352	-	-	公司房產借名登記 董座打官司告兒孫4人判決出爐
zh_0353	-	-	不早點接小孩就是壞家長？瑞典父母的托育焦慮
zh_0354	-	-	步步为赢
zh_0355	-	-	談情說性
zh_0356	-	-	两套高定加身 恭请萧贵妃回宫！
zh_0357	-	-	懂西藏的人，一定不会错过林芝的秋天
zh_0358	-	-	70万一针救命药进医保 罕见病男孩上学了 面对新的生活，这个被疾病折磨了七年多但同时又被不幸和幸运同时眷顾的孩子和家庭怎样了？
zh_0359	-	-	《踏上青云路》人生轨迹从此改变阳谋
zh_0360	-	-	古麓山寺拓片展在济南神通寺举办，87件拓片展现千年禅韵
zh_0361	-	-	歡度國慶假期
zh_0362	-	-	文字對抗坦克　烏克蘭等 3 國記者入圍哈維爾人權獎
zh_0363	-	-	強颱樺加沙肆虐花東！香港男星收假飛來台灣　心痛發聲了
zh_0364	-	-	1929崩盤重演？黑天鵝基金：美股可能再漲20％之後雪崩80％
zh_0365	-	-	港聞
zh_0366	-	-	游客登泰山遇大风降雨，厕所挤满人
zh_0367	-	-	冰凍月餅     曹長雄
zh_0368	-	-	「房仲界奧斯卡」金仲獎 信義房屋17人獲獎
zh_0369	-	-	反侵权公告（第45号）：关于摄影作品被恶意侵权的谴责
zh_0370	-	-	只吃水煮餐減肥仍得脂肪肝！醫點名「偽健康」4食物：熱量陷阱 健康 2025/10/02 18:09
zh_0371	-	-	不止小笼包  鼎泰丰圣淘沙新门店有茶有酒有惊喜！
zh_0372	-	-	陈诗龙：半导体“人才荒”料加剧 我国须建立稳健人才储备
zh_0373	-	-	《天骄》
zh_0374	-	-	拾光纪特别策划·《我们新疆好地方》
zh_0375	-	-	好市多會員卡在機場不能當「真實身分」來用
zh_0376	-	-	本地首个自驾巴士试点项目 明年中在两路线启动
zh_0377	-	-	中国紧凑型聚变能实验装置成功落“座”
zh_0378	-	-	直达多个欧洲港口，这条“冰上丝绸之路”让中俄欧都受益
zh_0379	-	-	特朗普首次称乌克兰有能力收复所有失地
zh_0380	-	-	全運勘風險 警600無人機候命 繪3D高空地形圖支援部署 設三層組織架構分工
zh_0381	-	-	哥伦比亚总统：不希望与美国外交破裂 但不屈服
zh_0382	-	-	見超商1習慣在台工作日本人驚:台灣沒小偷?
zh_0383	-	-	頂新和德力挺女子棒球 接棒未來女棒寫下七連霸傳奇
zh_0384	-	-	財部：部分進口酒品甲醇含量超標　均退運或銷毀
zh_0385	-	-	教育雜誌
zh_0386	-	-	「泰式檸檬辣魚湯」酸香開胃！一鍋到底、有肉有菜超飽足
zh_0387	-	-	指导做好乡村语言文字工作，增加乡村群众就业创业机会
zh_0388	-	-	习近平：完整准确全面贯彻新时代党的治疆方略努力建设团结和谐、繁荣富裕、文明进步、安居乐业、生态良好的社会主义现代化新疆
zh_0389	-	-	阿里巴巴推新AI模型 扩建全球数据中心
zh_0390	-	-	回應美國CBP暫扣令  巨大：近期安排雙方會面
zh_0391	-	-	YouTuber查理5月才宣布懷孕 突肚子痛急奔醫院：不會要早產了吧...
zh_0392	-	-	拆公館圓環、地下道填平 恐淪愚蠢政治操作
zh_0393	-	-	樺加沙巨浪直轟香港飯店　玻璃瞬間爆裂
zh_0394	-	-	鎖定餐飲業！　男疑藉活動詐財　逾16人受害怒提告
zh_0395	-	-	賴總統Concordia峰會演說　強調外交國防經濟方向
zh_0396	-	-	存储系统被毁无备份，韩国75万公务员工作文件丢失 2025-10-02
zh_0397	-	-	馬太鞍溪堰塞湖監測紀實 7/25形成主體為大理岩巨礫
zh_0398	-	-	打風不停市 吹倒港股曾挫340點 收跌185點險守26000關 陳茂波：市場運作暢順
zh_0399	-	-	巴基斯坦可学中国"海绵城市"理念经验
zh_0400	-	-	花莲堰塞湖溢流酿重大死伤 引爆台湾政治争议
zh_0401	-	-	总理重申“我们为先”理念 吁共建更团结社会
zh_0402	-	-	减肥踩五寸高跟鞋练习走路  许瑞奇变装造型“美到很累”
zh_0403	-	-	消费者一年向金融机构索赔2646次创新高 诈骗占近半
zh_0404	-	-	精進除名上訴 批屋宇署欠解釋 稱3工殤只1被署方提控 無證據有管理漏洞
zh_0405	-	-	花蓮佛祖街嚴重淹水！女童「被安置最高處」獲救　姑姑.姑丈下落不明
zh_0406	-	-	(影音）9月科技大事：iPhone 17 開賣爆刮痕災情、人氣還被它比下
zh_0407	-	-	权道
zh_0408	-	-	《人選之人》爺爺身影不再 林義雄今告別式眾星悼念
zh_0409	-	-	女生
zh_0410	-	-	李多慧捐30萬後化身鏟子超人　分享「反從受災戶身上獲勇氣」
zh_0411	-	-	來乾一杯！ 德國慕尼黑啤酒節盛大開幕
zh_0412	-	-	超级南极人门店在商场具有较强竞争力
zh_0413	-	-	讚台灣GDP成長、選舉透明！韓國會議員問總理「不跟進嗎」｜花蓮堰塞湖溢流　洪水傾瀉釀災！風險仍未除！受災人數持續增加｜2025/09/24 中央社全球晚間新聞
zh_0414	-	-	中国施行K字签证新政 影响几何？
zh_0415	-	-	生活贴士
zh_0416	-	-	心繫弟弟感冒！台中6歲哥偷溜出門衝診所　2小時找嘸人慌了
zh_0417	-	-	“公家”停车位假期免费开放首日 游客“慕名而来”
zh_0418	-	-	天御為買家提供靈活成交期  全層4710呎大宅  每月管理費4.8萬
zh_0419	-	-	进球后脱衣庆祝吃红卡 红军埃基蒂克被轰“愚蠢”
zh_0420	-	-	台東縣救災團隊馳援馬太鞍溪堰塞湖溢流災害 饒縣長慰勉夥伴辛勞
zh_0421	-	-	俄防空彈自打莫斯科民宅　烏出動戰機炸俄軍大樓
zh_0422	-	-	藍黨魁辯論／郝龍斌「九二共識非一國兩制」　鄭麗文：兩岸同屬一中
zh_0423	-	-	醫若輕率開出抗憂鬱藥 美百萬網紅醫：病人別吃啊！
zh_0424	-	-	美国政府“停摆”首日：数十万雇员停薪
zh_0425	-	-	2025亞洲衝浪聯盟系列積分賽  10/22屏東佳樂水登場
zh_0426	-	-	坐超商休息！　女突遭男持刀砍傷　手臂、後背濺血送醫
zh_0427	-	-	從分鏡模擬到精準拍攝 《96分鐘》引進好萊塢技術革新片場
zh_0428	-	-	自由爆新聞》爆傅崐萁「不說的事」！全台集氣救花蓮他成甩鍋王？
zh_0429	-	-	Nissan 當家房車 Sentra 大改款發表！全方位進化有感 車格放大更舒適
zh_0430	-	-	環球購物中心週年慶拚10%成長！屏東壽司郎首店登場「這樣買」滿額回饋最高
zh_0431	-	-	特别呈现 | 中国人保2025中期业绩：净利润359亿增17.8%，结构优化铸就高质量转型
zh_0432	-	-	父藏不可告人1封信兄弟為400萬遺產鬧翻
zh_0433	-	-	锲而不舍落实中央八项规定精神
zh_0434	-	-	鐵證曝光！還在救災國民黨急造謠被打臉
zh_0435	-	-	别克至境L7正式上市
zh_0436	-	-	河南杂技人“硬核”告白祖国 头顶120斤板凳舞动巨龙
zh_0437	-	-	港股大涨，中芯国际历史新高
zh_0438	-	-	堰塞湖溢流釀死傷是誰不作為？周軒秀證據  直指花蓮縣府恐犯這1罪
zh_0439	-	-	蒙曼：王翰《凉州词》
zh_0440	-	-	腦內失控的iTunes　音樂劇探索現代人困境
zh_0441	-	-	23岁男子穿越景区失联幸运生还：10男2女网上组队没报备
zh_0442	-	-	「フォーカス台湾」
zh_0443	-	-	中医小儿推拿 助调理流感症状
zh_0444	-	-	董璇女儿“小酒窝”清唱《小酒窝》引热议
zh_0445	-	-	33亿撬动695亿，“民营船王”欲接盘“杉杉系”
zh_0446	-	-	男子当街殴打女子被退伍军人飞踹
zh_0447	-	-	下午察：福建舰电磁弹射震动美国？
zh_0448	-	-	外傳2奈米漲價50%　台積電：定價始終策略導向
zh_0449	-	-	健康
zh_0450	-	-	明報文化館
zh_0451	-	-	影像熱話
zh_0452	-	-	威力彩頭獎1人獨得爽抱2.27億元　獎落高雄旗津
zh_0453	-	-	于朦朧才爆遭虐玩慘死　宋伊人昔「設局王鶴棣」情節超毛
zh_0454	-	-	亞洲週刊
zh_0455	-	-	图集+视频｜逆风而行，直击“桦加沙”
zh_0456	-	-	少吃高盐腌制食物 助降患鼻咽癌风险
zh_0457	-	-	棒球亞錦賽中華11比0扣倒香港　全勝闖複賽
zh_0458	-	-	CoreWeave與Meta簽142億美元AI基礎設施協議
zh_0459	-	-	武汉两江交汇处现“泾渭分明”景观
zh_0460	-	-	Fed主席鮑爾沒明說今年降息4至6碼 美財長貝森特：失望
zh_0461	-	-	过时商品别样摩登 逛马国老店重拾旧时光
zh_0462	-	-	北北桃YouBike大當機！　蔣萬安：釐清責任從速從重開罰
zh_0463	-	-	港股医药股反弹 中慧生物涨超5%
zh_0464	-	-	小心別違規！十大出國搭機違禁品　藥品、果醬皆上榜
zh_0465	-	-	对手
zh_0466	-	-	美盟友挺巴建國！馬克洪：若川想拿諾貝爾　需加薩停戰
zh_0467	-	-	優才（楊殷有娣）書院學生代表香港出戰「創業奧林匹克」勇獲佳績
zh_0468	-	-	花蓮堰塞湖溢流　受災人數持續增加
zh_0469	-	-	流感疫苗高端、國光和進口廠牌差在哪？適用對象保護力一篇掌握
zh_0470	-	-	印尼万隆火山湖 烟气氤氲宛若仙境
zh_0471	-	-	“凤凰网主播红人盛典2025桂林红人季”隆重举行 红人与山水共创城市新篇
zh_0472	-	-	劉冠廷遇到天敵不忍了　頻求製作人「換掉楊銘威」：真的太煩
zh_0473	-	-	首頁
zh_0474	-	-	南非男足因违规使用停赛球员被扣除世预赛积分
zh_0475	-	-	還有什麼不會？IQ132河錫辰跑百米僅12秒　10月底帶韓劇鮮肉訪台 娛樂 2025/10/02 20:08
zh_0476	-	-	藍衣男深夜跟蹤女子！「詭異笑容」堵門前　住戶救援驚見他返回
zh_0477	-	-	从小镇公务员到一省之长青云之路
zh_0478	-	-	【娱乐吃瓜】从《创世纪》到《金式森林》 豪门纸醉金迷下的争斗
zh_0479	-	-	藍黨魁辯論／鄭麗文憂2028前「北京一定動手」　台灣恐成烏克蘭
zh_0480	-	-	樺加沙颱風重創花東釀14死！王心凌低調捐百萬救災
zh_0481	-	-	國防部採購弊案！少校利用小額採購勾結親屬牟利遭求重刑 23:35 社會
zh_0482	-	-	美食
zh_0483	-	-	大樓公設「以為很廢」！這項用過回不去　一票讚：每個週末都去 生活 2025/10/02 22:57
zh_0484	-	-	漫画
zh_0485	-	-	理财锦囊：真活到150岁 延寿账本如何精算？
zh_0486	-	-	教育更多>>
zh_0487	-	-	同間超商再砍殺3人！苗栗男連小孩都不放過　尖叫奔逃畫面曝
zh_0488	-	-	棒球亞錦賽／7分大局奠勝基！中華11比0扣倒香港　全勝闖複賽
zh_0489	-	-	娛樂
zh_0490	-	-	交流站
zh_0491	-	-	送黃金項鍊給大姑當新婚禮！婆婆酸「笑死人」　人妻1句話打臉
zh_0492	-	-	馬太鞍堰塞湖溢流釀死傷是人禍 許美華：真的是政治照妖鏡
zh_0493	-	-	坦迪·姆瓦佩：亚细安领导力增强如何助力东南亚应对灾害
zh_0494	-	-	店家留座位　顧客突少人「恐害虧錢」　消保官回應了
zh_0495	-	-	三颱共舞還沒完！博羅依颱風路徑出爐　對台影響曝
zh_0496	-	-	兄弟拋彩帶！一指林暉盛好投率隊封王 寫36年史上首見壯舉
zh_0497	-	-	羊城派更多>>
zh_0498	-	-	被特朗普定性的这个美国恐怖组织，是何来头？
zh_0499	-	-	2025建築園冶獎首度移師台中頒獎 共123件作品得獎 首創評審特別獎
zh_0500	-	-	消息人士称哈马斯或有条件接受“20点计划”
zh_0501	-	-	李纯、马頔官宣领证！ 2025-10-02
zh_0502	-	-	【文化普拉斯】黃僑偉打造遊走式布袋戲 《浪漫劍客葉不凡》讓觀眾自由穿梭舞台
zh_0503	-	-	明周娛樂
zh_0504	-	-	樺加沙颱風》門牌號誤植重複 死亡人數下修至14人、失聯增至46人
zh_0505	-	-	中山锚定百千万工程发展目标 构建文商旅融合新范式
zh_0506	-	-	更多
zh_0507	-	-	六大候選人交鋒！　國民黨主席辯論今晚登場 政治 2025/10/02 18:22
zh_0508	-	-	全球中央2025年9月號 No.201【電子書】
zh_0509	-	-	亞錦賽》「前所未有屈辱…」南韓慘敗台灣韓媒崩潰：原來台灣這麼強
zh_0510	-	-	研究：ADHD兒童腦部大不同 治療需個人化
zh_0511	-	-	中国股市，突传重磅
zh_0512	-	-	空勤.海巡馳援花蓮！「抱童揹翁」屏東消防已救61人
zh_0513	-	-	停跡坪：16處國定古蹟的文學跨界書寫
zh_0514	-	-	鄭秀文驚爆弄傷一部位急入院痛到面青  呈兩處撕裂須撐柺杖坐輪椅：以後真係要小心
zh_0515	-	-	Toyota 跨界入門小車改頭換面展新意！油電加持創 26.3 km/L 節能油耗
zh_0516	-	-	一個市長，兩種警察
zh_0517	-	-	新北敬老卡明年7月加碼至600點　可支付掛號費、運動中心
zh_0518	-	-	蔡瑞雪開心慶生發辣照！坦言已分手：獲得一顆自由平靜的心
zh_0519	-	-	劉思明
zh_0520	-	-	求職
zh_0521	-	-	汽車
zh_0522	-	-	日本規模最大ETF來了 009812直接連結 投資一步到位！
zh_0523	-	-	明報文化館 城市中不能負擔的硬
zh_0524	-	-	黃文峻、郭永皓
zh_0525	-	-	【故事】
zh_0526	-	-	從灰燼再出發！朱宗慶打擊樂團《泥巴》 「火與光」拼出新秩序
zh_0527	-	-	葡萄牙機車朝聖「安全帽祝福」讓行車更安全
zh_0528	-	-	三个年代，一种足迹｜影视
zh_0529	-	-	姚占新：乌克兰问题解决的理想与现实博弈
zh_0530	-	-	著名画家阿尔瓦罗来新示范水彩作画
zh_0531	-	-	樺加沙颱風停班停課》高雄花東7地1校停班停課，全台各縣市颱風假不斷更新
zh_0532	-	-	工业智能体，塑造制造业新范式
zh_0533	-	-	早报校园
zh_0534	-	-	郭書瑤嗲問春風：穿這樣可以嗎？　「公然牽手」互動全入鏡
zh_0535	-	-	父生前暗藏「不可告人」1封信 兄弟倆為400萬遺產鬧翻、退休計畫也毀了
zh_0536	-	-	數百遊客困金門　台北高雄加班機3架次疏運
zh_0537	-	-	．林榮三文學獎
zh_0538	-	-	感受「舊時光」
zh_0539	-	-	赴陸被限制人身自由132人　陸委會：7成涉詐騙案
zh_0540	-	-	樺加沙颱風
zh_0541	-	-	上海烟花、天津夜景、恩施摆手舞 哪个戳中你
zh_0542	-	-	外傳2奈米漲價50%　台積電：不評論價格、定價始終策略導向
zh_0543	-	-	明窗
zh_0544	-	-	【艺术】
zh_0545	-	-	南元農場 加勒比海花卉展 麒麟玫瑰、小百日菊 浪漫美麗！
zh_0546	-	-	科普
zh_0547	-	-	在落实四大全球倡议中对接联合国三大支柱
zh_0548	-	-	视频
zh_0549	-	-	在美术馆的“客厅”里 与消逝的表演再相遇
zh_0550	-	-	樺加沙外圍環流還在發威 雨彈炸4縣市
zh_0551	-	-	service@tvbs.com.tw
zh_0552	-	-	浙江杭州：世界容量最大的离心机启动
zh_0553	-	-	我是海外特派員決選公布　胡婉玲讚學子獲重要履歷
zh_0554	-	-	PEARL更多>>
zh_0555	-	-	東協財經／ 產業鏈結高峰論壇落幕　台菲簽供應鏈對接MOU
zh_0556	-	-	送礼
zh_0557	-	-	洪災6人困全聯！超勇員工扛板擋水　主管淚謝：他救我們上樓
zh_0558	-	-	澳門黃金周暫錄28萬入境旅客 花旗料日均賭收10.5億 看齊農曆新年檔期
zh_0559	-	-	西貢女子9號球公開賽》點球大戰力退中國女將傅小芳 世界球后魏子茜逆轉進4強
zh_0560	-	-	教育局公布 中小學復課  幼稚園上午班、全日班及部分特殊學校明日停課
zh_0561	-	-	天氣／三颱共舞還沒完！博羅依颱風路徑出爐　對台影響曝
zh_0562	-	-	據報摩通、渣打等大型銀行在香港招聘人手
zh_0563	-	-	印尼寄宿校坍塌已5死  尚有59人受困
zh_0564	-	-	專訪／羅智強喊和柯文哲私交好　2028九成把握藍白合
zh_0565	-	-	啟德AIRSIDE與JOGUMAN登月打卡　巨型月亮裝置+期間限定店｜中秋好去處
zh_0566	-	-	民調
zh_0567	-	-	中秋、雙十連假旅運高峰　桃機建議提早3小時到
zh_0568	-	-	台灣奉獻獎總獎金破億　創辦人跨時空公布得主 生活 2025/10/02 22:11
zh_0569	-	-	泡麵害禿頭、變木乃伊？營養師曝真相　常吃恐踩4大健康地雷
zh_0570	-	-	花蓮堰塞湖重災…衛福部啟動募款專案　超商、匯款皆可捐
zh_0571	-	-	中央社Podcast平台上線 名人故事親口說、新聞幕後聽門道
zh_0572	-	-	坚持创新实干把握发展主动权
zh_0573	-	-	翠明
zh_0574	-	-	理想主義者的養成：如何在衝突世界下，推動人道干預的精神
zh_0575	-	-	点智慧：我们要的长寿
zh_0576	-	-	法律声明
zh_0577	-	-	印度獅子數量增加3分之1
zh_0578	-	-	開心開心開心 竹北吊車大王已擁4妻再添2個小老婆
zh_0579	-	-	2025全家霜淇淋口味＆門市查詢｜買一送一、優惠價錢懶人包
zh_0580	-	-	社评：联大激辩凸显全球治理倡议恰逢其时
zh_0581	-	-	麗尊酒店剛易主　高雄又有老牌飯店求售開價4億
zh_0582	-	-	漢寶狂喊愛你！　許光漢越南見面會　粉絲穿婚紗搶嫁
zh_0583	-	-	中秋節倒數兩週訂位逾六成！乾杯４大燒肉品牌齊推中秋限定套餐優惠81折起
zh_0584	-	-	社會
zh_0585	-	-	獨家》破天荒！健保總額「成長率5.5％」一次拍板 23年來首見共識
zh_0586	-	-	01深圳
zh_0587	-	-	爆破能解決？林業署：工程手段不可行　堰塞湖現況曝
zh_0588	-	-	黄伟中提五项建议 助新加坡引领机器人发展
zh_0589	-	-	李運慶升格二寶爸首露面　目睹「洪詩分娩」產房1幕超震驚 娛樂 2025/10/02 18:38
zh_0590	-	-	超過30道韓式料理吃到飽、再抽5折券！台北喜來登韓籍新廚孫榮上任
zh_0591	-	-	专题
zh_0592	-	-	藍黨魁辯論／郝龍斌喊「世代合作」　邀鄭麗文、羅智強任副主席
zh_0593	-	-	花蓮堰塞湖溢流  李鴻源：引流降低壓力
zh_0594	-	-	9/22堰塞湖通報單在這 紅字明載建議即刻撤離
zh_0595	-	-	社區
zh_0596	-	-	新疆国际大巴扎游人如织
zh_0597	-	-	李雅英才退隊！電豹女喜迎「核彈級韓援」　網嗨炸：身材太犯規
zh_0598	-	-	王鴻薇秀公文「8月要求疏散馬太鞍居民」　卓榮泰稱無急迫危險
zh_0599	-	-	营造汽车产业全球化发展更加良好环境
zh_0600	-	-	瑀熙驚爆賣二手衣可怕經驗！曝「收到超過百張不雅照」 娛樂 2025/10/02 21:43
zh_0601	-	-	明周文化
zh_0602	-	-	花蓮堰塞湖致洪災　金管會拋金融支持措施
zh_0603	-	-	私隱聲明
zh_0604	-	-	稷下学宫与中华文化之“轴”
zh_0605	-	-	馬太鞍溪堰塞湖並非沒處理！ 迅速看完2個月監測過程
zh_0606	-	-	广东东莞：外贸突围韧性足
zh_0607	-	-	秋分滋補養血「紅三寶甜湯」！紅豆紅棗搭「穀物紅寶石」電鍋輕鬆煮
zh_0608	-	-	中職／黃色彩帶回家拋！中信兄弟下半季封王　隊史第20座到手 體育 2025/10/02 22:27
zh_0609	-	-	朴春休團近2個月近況曝！IG震撼退追2NE1全員　只看摯愛李敏鎬 娛樂 2025/10/02 18:14
zh_0610	-	-	小泡芙包裝掀討論！紅色、米白差在哪　義美經理曝「真相」
zh_0611	-	-	北航90后美女副教授走红 长相及头衔引发热议
zh_0612	-	-	本地上半年17人因工伤事故丧命 少于去年同期
zh_0613	-	-	申訴熱話
zh_0614	-	-	涉8年間洗$1050萬黑錢　警再拘38歲女　累計13人被捕包括8休班警
zh_0615	-	-	奥运冠军郑钦文中网复出 挑战劲敌伊加与可可
zh_0616	-	-	习近平：完整准确全面贯彻新时代党的治疆方略 努力建设团结和谐、繁荣富裕、文明进步、安居乐业、生态良好的社会主义现代化新疆头条
zh_0617	-	-	62歲歌王現蹤新竹當農夫！種田全被拍近況曝光　真實心聲全說了
zh_0618	-	-	徐榛蔚到殯儀館慰問 罹難者家屬怒批：沒人通知撤離
zh_0619	-	-	高球》建大輪胎盃首輪 陳宇茹、陳伶潔暫並列第3
zh_0620	-	-	【解局】中方这项重要宣示，有三点值得关注
zh_0621	-	-	#范世錡
zh_0622	-	-	明周雜誌
zh_0623	-	-	自由說新聞》傅崐萁「勘災驚句」李鴻源打臉！跳針這幕惹怒網
zh_0624	-	-	苗栗男子才出獄竟隨機砍人！ 2女童、1男受傷送醫
zh_0625	-	-	（獨家）林昶佐出任駐芬蘭大使 Doris揭北歐日常曝光新生活
zh_0626	-	-	花蓮堰塞湖溢流17死　法務部啟動應變機制5組檢察官進駐
zh_0627	-	-	王義川預告3日赴北檢提告！黃國昌反擊了：面對濫訴從沒輸過 政治 2025/10/02 22:47
zh_0628	-	-	米可白辛苦了！男友打呼像「交響樂」　當兵先發耳塞送同袍
zh_0629	-	-	寻味火腿界“爱马仕” 慢步如切坊邂逅炭火香
zh_0630	-	-	【开卷】理想VS现实——人类和动物能共存吗？
zh_0631	-	-	豐澤網店三日快閃優惠｜著數情報
zh_0632	-	-	114年大學分科測驗
zh_0633	-	-	九龍公園倒塌古樹正擴闊花槽處理　康文署：會盡力保留古樹
zh_0634	-	-	中国铁建房地产集团7亿中期票据10月14日兑付
zh_0635	-	-	张继科拍瀑布时突然落水？景区回应：属实，人没事 2025-10-02
zh_0636	-	-	巴伐利亚国家歌剧院院长：让年轻人放下手机听歌剧，我不想成为“陵墓”的馆长｜专访
zh_0637	-	-	國慶
zh_0638	-	-	长安第四代CS55PLUS上市
zh_0639	-	-	明報升學網
zh_0640	-	-	即時財經
zh_0641	-	-	2025 Yarlung Zangbo Ecological Culture Tourism Festival kicks off
zh_0642	-	-	台東多處傳土石流！　火車撞落石「旅客嚇壞」
zh_0643	-	-	飙涨！黄金，又见证历史！
zh_0644	-	-	冒雨認屍戲 演撕心裂肺式…
zh_0645	-	-	國際 22:10 西班牙7、8月國際觀光客達2230萬人次　創新高紀錄
zh_0646	-	-	東協財經／ 2025年10月1日東協快訊
zh_0647	-	-	醫生教自製蔬菜汁逆轉糖尿病 每早飲1杯防三高 降患胰臟癌風險｜附製作方法
zh_0648	-	-	遭指出家人免納稅、名車代步　釋昭慧氣炸喊告謝寒冰
zh_0649	-	-	台南積極推動捷運藍線 戶戶配車位卻成捷運概念宅新趨勢  車位售價穩定上揚
zh_0650	-	-	獨家》9/22上午7時堰塞湖通報單在這！ 紅字明載建議花蓮即刻撤離居民
zh_0651	-	-	日本最大炸雞品牌「KARAYAMA」進駐桃園機場！吉豚屋祭半公斤雞優惠同慶
zh_0652	-	-	苗栗砍人男黑底曝！10年前就在同間超商行凶
zh_0653	-	-	追光的你丨中国的明天必将更加美好
zh_0654	-	-	2025棒球亞錦賽｜中華隊完封香港！中華隊名單、賽程戰績與直播
zh_0655	-	-	TVBS每日熱搜榜
zh_0656	-	-	《财新周刊》《中国改革》《比较》
zh_0657	-	-	回教堂接可疑包裹事件 费绍尔：当局正严肃调查 勿散布不实消息
zh_0658	-	-	資策會Open Day AI應用百花齊放
zh_0659	-	-	漢米爾頓卡其空軍X-Wind飛行錶新色帥翻！側風角度計算器搭抗磁機芯 精準實用
zh_0660	-	-	自行車大廠巨大涉「強迫勞動」遭美暫扣 經部將助解決爭議
zh_0661	-	-	自由爆新聞》鐵證曝光！還在救災國民黨急造謠被打臉
zh_0662	-	-	以色列警告：这是最后机会！
zh_0663	-	-	国庆美食指南来啦！《这里很好吃》双更必追
zh_0664	-	-	公職人員及關係人補助交易身分關係公開及查詢平臺
zh_0665	-	-	花蓮堰塞湖「豆腐渣」釀禍？為何不爆破？他列7點你需要知道的事實
zh_0666	-	-	財政部
zh_0667	-	-	李先知
zh_0668	-	-	保障軍人待遇 國家安全最佳後盾
zh_0669	-	-	三菱高人氣迷你得利卡也能變身舒適露營車！輕鬆享受戶外車宿樂趣
zh_0670	-	-	让人意外的广汽丰田
zh_0671	-	-	美政府又走到關門懸崖｜每日一聞｜TVBS新聞 20251002 @TVBSNEWS01
zh_0672	-	-	日系家電新品　整合AI科技打造智慧便利生活
zh_0673	-	-	民意傳播的核心是民意研究，也是建構公關策略的科學基礎
zh_0674	-	-	超商買1送1教師節連假優惠！7-11法朋蛋黃酥霜淇淋10元、全家酷繽沙免費+1
zh_0675	-	-	貿易融資利息減碼逾2千家受惠　兆豐銀受理件數居冠
zh_0676	-	-	中華郵政跨界聯名貓貓蟲咖波 打造療癒集郵新體驗
zh_0677	-	-	花蓮光復鄉水退！大型機具進駐「協助清淤」各方人力出動協助
zh_0678	-	-	傅嘉莉憑《刑偵12》勇奪…
zh_0679	-	-	網球》梁恩碩爆冷射日2連勝 挺進京山女單8強
zh_0680	-	-	吴俊刚：政党可信度下跌之忧
zh_0681	-	-	Windows 10自10/14起終止更新　有何衝擊如何因應一次看
zh_0682	-	-	留意買房話術！相信「無限寬限期」只繳利息　保證金恐遭沒收 生活 2025/10/02 22:00
zh_0683	-	-	威廉捲閃兵停工首露面 連說拍謝「快步閃避」近況曝光
zh_0684	-	-	山上來的海嘯｜每日一聞｜TVBS新聞 20250924 @TVBSNEWS01
zh_0685	-	-	做足防御准备，是迎战巨灾的“唯一答案”
zh_0686	-	-	荷兰将向波兰部署“爱国者”系统及反无人机装备
zh_0687	-	-	【视频】香港多处海水倒灌 有酒店大门被水冲破
zh_0688	-	-	Peugeot 七人座休旅 5008 預計追加純電版本！保發中心透露可能售價
zh_0689	-	-	持续鼻塞 及早检查
zh_0690	-	-	大韩商工会议所报告：过去十年，中企营收增速6倍于韩企
zh_0691	-	-	中国海军戚继光舰、沂蒙山舰抵达香港水域
zh_0692	-	-	圖輯》光復居民清理家園 孫女貼心請假幫阿公
zh_0693	-	-	明報集團刊物
zh_0694	-	-	南韓七天中秋連假登場　機場大罷工影響526萬旅客 國際 2025/10/02 18:25
zh_0695	-	-	早安世界最新內容
zh_0696	-	-	小说
zh_0697	-	-	隨機砍人兇手關近9年後竟再犯案！同家超商外砍小學生　氣胸女童緊急轉院
zh_0698	-	-	皮蛇
zh_0699	-	-	銀幕情侶檔未爆彈  郭書瑤春風被傳愛萌芽
zh_0700	-	-	【《巅峰权力》揭秘天大的阴谋......】
zh_0701	-	-	台鐵鹿野至山里路段出軌搶修！估明東部幹線首班車恢復行駛
zh_0702	-	-	观点
zh_0703	-	-	10/3光復災民領慰問金　「每戶5萬」8地點曝　沒證件別擔心 生活 2025/10/02 18:12
zh_0704	-	-	上手術台阿嬤硬喊卡 醫：讀懂她的心最重要
zh_0705	-	-	柯洁连续三届夺得“棋圣”冠军
zh_0706	-	-	假期高速堵车堵出松弛感！有人路中间打羽毛球，还有人下车钓鱼首竿即中，当事人：鱼没带走，送给路人了 2025-10-02
zh_0707	-	-	全民参与 共赴太极盛会
zh_0708	-	-	范瑋琪發文喊「想念大家」！網群起嘲諷　刷一排：大牙加油
zh_0709	-	-	旅游吧更多>>
zh_0710	-	-	花蓮洪災
zh_0711	-	-	先天性子宮中膈 特點、影響及治療一次看
zh_0712	-	-	紅遍全球！SEVENTEEN堅守團魂　「DK告白成員情誼」再戰十年
zh_0713	-	-	美联储，10月降息概率100%？
zh_0714	-	-	社群帝國那些人：權力、貪婪，及迷失的夢想
zh_0715	-	-	美國空軍展開NGAL計畫 預計2040年取代C-5、C-17運輸機
zh_0716	-	-	汽车更多>>
zh_0717	-	-	新报业媒体华文媒体集团联合数码平台
zh_0718	-	-	．瓏山林蘇澳冷熱泉度假飯店
zh_0719	-	-	草嶺堰塞湖憑「這優勢」自然溢流　草嶺居民：看到花蓮很心酸
zh_0720	-	-	中斷逾5年  印度與中國10月底前恢復直航
zh_0721	-	-	刘佩玥周志文恋情再添证据 闺蜜透露二人考虑结婚
zh_0722	-	-	故宫博物院“乾隆花园”向观众开放
zh_0723	-	-	綠營訊息外流　傳王定宇不滿怒退LINE群組
zh_0724	-	-	中科院與清大簽署合作備忘錄  開發「高熵合金」等先進材料
zh_0725	-	-	Disney+宣布10月漲價！新方案引反彈、台灣推半價快閃訂閱
zh_0726	-	-	有錢人只租不買？年賺數十億大老闆「租房思維」滾出上億身家
zh_0727	-	-	2025肯德基優惠碼》10月KFC優惠券＆優惠代碼、買一送一懶人包
zh_0728	-	-	韩流
zh_0729	-	-	台灣奉獻獎總獎金破億　創辦人跨時空公布得主
zh_0730	-	-	熱榜
zh_0731	-	-	花蓮馬太鞍溪堰塞湖溢流沖毀橋　光復鄉水退滿地泥濘【圖輯】
zh_0732	-	-	幽靈轟炸機復活！美軍F-117A重出江湖 神秘任務曝光
zh_0733	-	-	山东日照：耕海牧渔，建设“蓝色粮仓”
zh_0734	-	-	花蓮6歲童家遭淹沒媽心碎求協尋　人困泥沙平安找到
zh_0735	-	-	洪水重創光復鄉！五月天出手捐款5百萬賑災　劉若英也跟進
zh_0736	-	-	失智照顧驚人成本曝！飆上3千億　「這生活習慣」比遺傳更致命
zh_0737	-	-	徐威：华人盛典已成为一本铭记华人精神的纪念册
zh_0738	-	-	特写｜渔民忙生计，景区抢复工！“桦加沙”过后，阳江海陵岛烟火气渐归
zh_0739	-	-	賴總統點將》「陸軍阿湯哥」升中將主任  樓偉傑還是「文宣鬼才」
zh_0740	-	-	中央9度催促花蓮縣府仍釀14死 罹難者全在強制撤離區
zh_0741	-	-	夜晚還年輕，手機還能用：一支手機拍影音新聞
zh_0742	-	-	实龙岗回教堂调查后未发现有害物质 一人呼吸困难送院
zh_0743	-	-	好消息！花蓮光復住家滅頂6歲女童救出來了
zh_0744	-	-	時尚
zh_0745	-	-	專上教育
zh_0746	-	-	环保足迹遍及全球 知名灵长类动物学家珍古德逝世
zh_0747	-	-	邱立本
zh_0748	-	-	Energy書偉爸爸病逝...今低調辦告別式！　他忍悲喊：父親圓滿了 娛樂 2025/10/02 19:36
zh_0749	-	-	李若彤高铁上点了一份南昌拌粉，感叹“谁能不爱这样的中国速度”
zh_0750	-	-	在布拉格尋找共產記憶  整座地鐵站都是美術館
zh_0751	-	-	红色医学教育家柯麟：悬壶济世良医意，救国忧民志士心
zh_0752	-	-	爆破就能解決？林業署：工程手段不可行　馬太鞍溪堰塞湖現況曝
zh_0753	-	-	香港學校網
zh_0754	-	-	快訊／2.3億威力彩開獎！10/2中獎號碼出爐　對中7碼秒退休
zh_0755	-	-	自民黨誰來掌舵？日相屬意：延續我路線之人
zh_0756	-	-	德州地大稅少電力足 台廠供應鏈大遷徙
zh_0757	-	-	成為「新二代」：多元文化與地緣政治下的跨國婚姻子女
zh_0758	-	-	火鍋、瘋子與那些台灣的心跳聲──朱宗慶打擊樂團成軍40年
zh_0759	-	-	看更多
zh_0760	-	-	不是醫學、電機！「1科系」平均月薪破6萬　逾8成認念了不後悔
zh_0761	-	-	台灣人一刷護照「海關秒出現」確認行李！ 網驚：日本開始嚴查了......
zh_0762	-	-	川普關稅懶人包》台灣關稅疊加20%怎麼算？各國最新關稅一次看
zh_0763	-	-	林家謙演唱會圖輯｜自肥成功與10位「姐姐」同台發仲夏夜之夢
zh_0764	-	-	藏壽司高雄、台南新店開幕９折！吉伊卡哇扇子＋文件夾滿額贈必收
zh_0765	-	-	辛芷蕾穿“国际巨星”T恤再登《VOGUE》
zh_0766	-	-	肿瘤藏在神经里 学会辨识“HELP”信号及早治疗
zh_0767	-	-	台股收盤》台積電飆1365元、指數登26378點 雙雙創收盤新天價
zh_0768	-	-	土耳其5.0地震伊斯坦堡建築狂搖　民眾嚇壞衝街上
zh_0769	-	-	变局时代锚定亚洲机遇 第三届亚洲愿景论坛新加坡闭幕
zh_0770	-	-	林民旺：印度仍未看透美国的“盟友逻辑”
zh_0771	-	-	许瑞奇打败他们入围！金马评审赞：举手投足浑然天成
zh_0772	-	-	數百遊客困金門！台北高雄加班機3架次疏運
zh_0773	-	-	中職》兄弟誕生新任「胴上投捕」 平野惠一盼王凱程奮戰到最後 23:16 體育
zh_0774	-	-	科技
zh_0775	-	-	港香蘭爆違規！　直擊中藥行、中醫回收16品項　民：不敢買
zh_0776	-	-	律師聲請「直播勘驗」黃景茂偵訊光碟　應曉薇鼓勵檢方找新證據
zh_0777	-	-	习近平观看庆祝新疆维吾尔自治区成立70周年文艺晚会《美丽新疆》
zh_0778	-	-	总编关注|中东正处于大历史的十字路口
zh_0779	-	-	膝蓋有聲音代表退化？從成因、警訊到飲食保養一次看懂
zh_0780	-	-	大里民宅火警2人倉皇逃生 消防出動16車29人搶救 23:17 社會
zh_0781	-	-	傳蘋果 MacBook 將效仿 iPad 一大設計！曾被賈伯斯嫌棄：不好用
zh_0782	-	-	安徽一高校给学生发百元“过节费” ！学生：被宠了
zh_0783	-	-	玉山銀行領先導入「金融Fast-ID」 加速跨金融機構業務申辦流程
zh_0784	-	-	基隆捷運八堵站機廠引民怨　里民活動中心恐成「機房」難接受
zh_0785	-	-	独家｜宗馥莉“心腹”严学峰被调查 娃哈哈浙江桶装水利润归谁？
zh_0786	-	-	東元好戲剛開始！外資狂掃3.76萬張 爆巨量登百元俱樂部
zh_0787	-	-	【国会】徐芳达：旧组屋自愿提早重建计划 不应造成彩票效应
zh_0788	-	-	TVBS 網路新聞24小時直播
zh_0789	-	-	广州天河路商圈"美陈大招"吸客 处处飘扬"中国红"
zh_0790	-	-	雲林、板橋軌道商機曝光！辦公、旅館、商場任開發 吸壽險、建商有興趣
zh_0791	-	-	财富·彩票更多>>
zh_0792	-	-	紅磡25歲男子高處墮下亡
zh_0793	-	-	苏永康为涉毒风波道歉 爱妻和陈洁仪发声力挺
zh_0794	-	-	二沙岛四季音乐会火热来袭 2025-09-30 08:11
zh_0795	-	-	大学生手搓机械战甲
zh_0796	-	-	雄中生怒控師「塗改收據金額」詐財！影印店證實造假　校方回應了 生活 2025/10/02 22:02
zh_0797	-	-	強弓、愛國者系統有望強強聯手？ 美商諾格副總裁親解析IBCS能耐
zh_0798	-	-	內湖母女雙屍案！10歲童多日未上學 竟陳屍屋內
zh_0799	-	-	TVBS民調／高雄2026變天！綠營4人對戰柯志恩　僅這人打平
zh_0800	-	-	雲端發票「少做關鍵設定」！中獎1000萬飛了　得主捶心肝
zh_0801	-	-	反侵权公告（第44号）：对凤凰网科技、新浪微博擅改标题歪曲财新文章本意的强烈谴责
zh_0802	-	-	明月
zh_0803	-	-	兄弟1指林暉盛封王戰飆首見紀錄 平野大讚了不起
zh_0804	-	-	01觀點
zh_0805	-	-	任仲平文章解读｜中华民族伟大复兴势不可挡，势在“康庄大道”
zh_0806	-	-	酷打造「中文怪物」2天破170萬點閱　在台外國人大型企劃掀討論
zh_0807	-	-	俄烏戰爭
zh_0808	-	-	特辑
zh_0809	-	-	首批“国保单位·古树名木”协同保护名录公布
zh_0810	-	-	新北藥界募500個護理包　協助花蓮光復災後重建
zh_0811	-	-	花蓮光復救災
zh_0812	-	-	晚間影音新聞／讚台灣GDP成長、選舉透明 韓國議員問總理「不跟進嗎」
zh_0813	-	-	新竹驚悚車禍！69歲翁闖紅燈撞飛騎士　下車竟扶「助行器」 社會 2025/10/02 18:05
zh_0814	-	-	安理會通過組建鎮壓海地黑…
zh_0815	-	-	結合迪士尼「愛麗絲」！嘉市光織影舞10月登場
zh_0816	-	-	花蓮6歲童家遭淹沒失聯！媽心碎求協尋　人困泥沙平安找到了
zh_0817	-	-	铁路国庆中秋假期运输启动
zh_0818	-	-	中央社志明編輯助手亮相 AskCNA 成打假利器
zh_0819	-	-	高雄鳳山車站大樓四度招商流標 屋頂太陽能發電已出租
zh_0820	-	-	熱門新訊
zh_0821	-	-	义顺两户疑因噪音冲突 男子持刀捅死女邻居
zh_0822	-	-	法國女生隨時「準備好」的秘訣被挖出！從身體到頭髮全靠一瓶輕鬆搞定
zh_0823	-	-	記憶書店
zh_0824	-	-	我国9月制造业PMI续回升 电子业领跑整体表现
zh_0825	-	-	石破茂在联大发表演讲提及对历史问题认识，外交部回应
zh_0826	-	-	知名歌手蕾哈娜宣布三胎生女
zh_0827	-	-	江苏连云港一饭店办酒席时屋顶倾塌 4名伤者被救出
zh_0828	-	-	全部
zh_0829	-	-	花蓮光復鄉遭重創！內閣聲量TOP10曝光　「這位」衝上冠軍 政治 2025/10/02 21:14
zh_0830	-	-	社论：勿让外交课题破坏社会共识
zh_0831	-	-	中職》兄弟誕生新任「胴上投捕」 平野惠一盼王凱程奮戰到最後
zh_0832	-	-	广东购车租车市场热度爆表 自驾游升温“一车难求” 国庆中秋长假前夕，广东广州、深圳等地的购车与租车市场已提前开启“黄金周模式”。
zh_0833	-	-	总理：全面改革教育就业不负年轻一代 携手打造充满希望未来
zh_0834	-	-	亚冠二级联赛小组赛 淡滨尼2比1胜巴吞暂居榜首
zh_0835	-	-	南韓七天中秋連假登場　機場大罷工影響526萬旅客
zh_0836	-	-	互联网新闻信息服务许可证 编号：44120180002
zh_0837	-	-	女孩是改變的力量！嘉市國際女孩日盛大舉行 女童軍展現領導力
zh_0838	-	-	自由電子報 X
zh_0839	-	-	刘燕玲：多边贸易面临持续挑战 亚细安须强化市场竞争政策协作
zh_0840	-	-	三峡升船机完成停航检修复航
zh_0841	-	-	摘星主厨有本和辉 把大阪街头风味端上精致餐桌
zh_0842	-	-	藝文格物
zh_0843	-	-	【文化普拉斯】個人首展《蘑菇一下》　斜槓藝術家櫻崎露露向怪咖致敬
zh_0844	-	-	国庆首日电影票房破3亿！IP续作领衔 动画全龄化
zh_0845	-	-	金融我闻
zh_0846	-	-	逛时尚店尝精致茶点
zh_0847	-	-	01招聘
zh_0848	-	-	环球时报系产品
zh_0849	-	-	联系我们
zh_0850	-	-	自由電子報
zh_0851	-	-	川普聯大演說　電梯故障.讀稿機當　俄烏戰立場大反轉！
zh_0852	-	-	網上熱話
zh_0853	-	-	本港中小學生理財能力降級至B- 低估數碼詐騙風險 平均受騙損手1100元
zh_0854	-	-	定調恐攻！英國曼城猶太會堂屠殺非孤狼犯案 警再逮2嫌 23:09 國際
zh_0855	-	-	凱基人壽全方位領航 再獲卓越保險評比4大獎
zh_0856	-	-	台股收盤》台積電1355元曇花一現 指數開高收跌50點
zh_0857	-	-	以色列向加沙城民发出撤离最后警告 否则视为恐怖分子
zh_0858	-	-	何清涟：谁释放美国“取消文化”这只魔鬼？
zh_0859	-	-	本月新盤錄50宗撻訂 壹沐兩房買家料遭殺訂29萬
zh_0860	-	-	交通 |  广州3条城际2段地铁今日齐开
zh_0861	-	-	COVID-19、流感疫苗10/1起分階段開打　對象廠牌QA一次看
zh_0862	-	-	想食明周
zh_0863	-	-	姚帅：全球发展倡议的时代价值愈发彰显
zh_0864	-	-	故宮捷克展覽 不提政治但處處是政治
zh_0865	-	-	首頁|TVBS新聞網
zh_0866	-	-	博客
zh_0867	-	-	天氣／麥德姆生成「2地防雨」！中秋連假熱爆　降溫要等到這時 生活 2025/10/02 19:01
zh_0868	-	-	時富金融獲第三方洽購 復牌後飈逾四成
zh_0869	-	-	中秋別忘了「拜土地公」！2026「馬年犯太歲4生肖」補運、補財庫提早布局 00:05 娛樂
zh_0870	-	-	以We TAIWAN之名　從日本回望不一樣的台灣
zh_0871	-	-	香港金管局收到36家机构申请稳定币牌照
zh_0872	-	-	下半季封王！　中信兄弟奪隊史第20座季冠軍
zh_0873	-	-	「前所未有災難」　光復市區豆花店粗估災損百萬
zh_0874	-	-	教育
zh_0875	-	-	薔薔全裸騎馬超震撼！兇猛車頭燈僅用單手遮 辣翻全網
zh_0876	-	-	aespa寧寧粉絲高顏值引熱議！轉頭合照造成「暴動」真實身分曝光
zh_0877	-	-	花蓮縣府開立賑災專戶　捐贈物資可送至光復糖廠、中正體育館
zh_0878	-	-	新加坡残泳世锦赛 美国新秀凯蒂单日两破世界纪录
zh_0879	-	-	2024“一带一路”商协会大会在榕圆满举行
zh_0880	-	-	《航海王2》即將上檔！　Netflix搶先公布「羅格鎮」海報
zh_0881	-	-	颱風天驚見武林高手！香港十號風球　他戶外草地「修煉打坐」
zh_0882	-	-	「10大AI工具」排行出爐！網讚這款最好用：還能提供情緒價值 科技 2025/10/02 20:44
zh_0883	-	-	檀健次《震耳欲聋》领头，2025国庆档电影预售票房破亿
zh_0884	-	-	創意結合科技，台劇力求進化
zh_0885	-	-	人事观察｜中国侨联换帅 58岁王灵桂接替68岁万立骏任党组书记
zh_0886	-	-	農業部啟動「電農培訓計劃」　結合電商、聯手網紅推廣農產 生活 2025/10/03 00:00
zh_0887	-	-	明報走進大灣區
zh_0888	-	-	科技玩物
zh_0889	-	-	即时
zh_0890	-	-	董至成變裝「偽娘」陪酒：內心在滴血！　《舊金山美容院》老婆喊離婚
zh_0891	-	-	颱風最新消息｜教育局停課發布　打風天氣交通預報　風球即時路徑
zh_0892	-	-	文化+
zh_0893	-	-	杨莉明：政府已制定条规防止本地媒体受外来干预
zh_0894	-	-	花蓮光復鄉大洪水
zh_0895	-	-	特别呈现
zh_0896	-	-	美國政府關門遊客吃閉門羹　75萬公務員被迫無薪假
zh_0897	-	-	還在看診！泥水湧入診所　醫護搶搬藥品、器材
zh_0898	-	-	《熱帶魚》到《夜校女生》 第8屆柏林台灣影展影展一次看40年台灣女性故事
zh_0899	-	-	鴻海工程師棄百萬年薪！轉行現況曝光　被金鐘獎指定
zh_0900	-	-	換季時節一梳狂掉髮？專家警告：搶救髮量危機 做對「這一步」是關鍵
zh_0901	-	-	卸任证监会主席后落马 易会满被查线索指何方
zh_0902	-	-	增值电信业务经营许可证 京ICP证090455号
zh_0903	-	-	川習通話宣布達成TikTok協議　重點一次看[影]
zh_0904	-	-	教育出版
zh_0905	-	-	爭行動自主！伊朗機車女騎士　墨西哥女運將叫車平台
zh_0906	-	-	秋分養生必吃３大類「白色食物」！白花椰、洋蔥抗發炎增免疫力
zh_0907	-	-	玩樂影片
zh_0908	-	-	因房企等原因拿不到房本怎么办？自然资源部等部门发声
zh_0909	-	-	馬太鞍溪堰塞湖釀災為何不先施工引流？堰塞湖形成原因與處置方式一文看懂
zh_0910	-	-	美財長貝森特：政府停擺可能衝擊美國GDP
zh_0911	-	-	勘災又爆口角 卓榮泰怒回傅崐萁「大家都在救」
zh_0912	-	-	因應萬聖節 千葉餐飲10月限定活動即將登場
zh_0913	-	-	大陸
zh_0914	-	-	海南自貿港封關後 中外人…
zh_0915	-	-	橫掃大灣區沿海　超級強颱樺加沙威力減弱
zh_0916	-	-	AI新興科技續強搭配降息循環 法人看好中小型科技股領漲
zh_0917	-	-	熱話
zh_0918	-	-	儿子新加坡求学 李李仁：这里很好，就是开销高
zh_0919	-	-	馬太鞍溪堰塞湖溢流18死6失聯　降雨量達100毫米下游可能溢淹
zh_0920	-	-	首屆台泰觀光交流會議 目標200萬人次互訪
zh_0921	-	-	花蓮重災！9度催撤離 縣長應變慢又甩鍋？｜20250924 自由觀點｜#shorts
zh_0922	-	-	現場直擊／「越南新娘團」披婚紗搶嫁許光漢！上千粉絲接機驚曝心情
zh_0923	-	-	代表民進黨選台北市長？　吳怡農：我確實會爭取機會服務市民
zh_0924	-	-	AI冰箱再進化！不只會說話、還會智慧辨識食材提醒快到期
zh_0925	-	-	推廣項目
zh_0926	-	-	引导农业创新与健康管理双向奔赴
zh_0927	-	-	潘若迪出手送暖！號召援助花蓮受災戶　沉重喊話：改變來自團結
zh_0928	-	-	集氣!托6歲女童上屋梁救命 乾姑姑、姑丈失聯
zh_0929	-	-	擋不住！于朦朧墜樓登英國BBC頭條　「牆內壓熱搜」爆裂痕
zh_0930	-	-	直播主遇「朦朧哥哥」抖內、留言狂刷關鍵字！不到30秒被ban
zh_0931	-	-	如果劇團醜小鴨遇見灰姑娘 9/27土城開展奇幻冒險旅程
zh_0932	-	-	热浪席卷F1滨海湾赛道 诺里斯避谈迈凯伦“内战”
zh_0933	-	-	反侵权公告板编辑更正
zh_0934	-	-	達柯塔強生陷愛情兩難！　克里斯伊凡《天作之合》浪漫台詞竟惹毛她
zh_0935	-	-	版權宣告
zh_0936	-	-	國軍挺進花蓮災區救災　居民無奈淤泥沖進住家內
zh_0937	-	-	新闻
zh_0938	-	-	也门胡塞武装宣布中止与美停火协议
zh_0939	-	-	戴資穎世界羽聯積分歸零　英國球評盛讚：球技優雅、史上最佳女單選手
zh_0940	-	-	星巴克買一送一！85度C指定飲品最低第二杯免費　咖啡優惠一次看
zh_0941	-	-	快閃雕像諷川、夜巡小狗非原創？街頭到殿堂的藝術波瀾
zh_0942	-	-	高雄出現偽造證書保母詐騙　社會局：助報案並開罰
zh_0943	-	-	見乘客手機都同畫面 外國人不解台灣特有現象
zh_0944	-	-	．自由廣場會議中心
zh_0945	-	-	两部门紧急预拨1.5亿元 支持粤琼闽防汛防台风应急抢险救灾
zh_0946	-	-	全民爱玩匹克球 有人欢喜有人忧？
zh_0947	-	-	行動電源自燃家沒了！母女相擁而泣　消防員示警：「這1款」別買
zh_0948	-	-	曾沛慈自招是外貌協會！理髮店意外「邂逅天菜」　學長1句話改變一生
zh_0949	-	-	棒球亞錦賽台灣3轟、高偉強好投　扣倒香港預賽全勝
zh_0950	-	-	财经
zh_0951	-	-	孫藝真3歲兒子勾童心 自招高八度音哄他開心
zh_0952	-	-	一隻阿圓除刺青痛到慘叫！忍痛淚崩全曝光　坦言一改變
zh_0953	-	-	世界的尽头南极的起点 到阿根廷乌斯怀亚领略壮美风光感受悲怆历史
zh_0954	-	-	快訊／2.3億威力彩開獎！10/2中獎號碼出爐　對中7碼秒退休 生活 2025/10/02 20:50
zh_0955	-	-	Ryu與畫家女友感情生變！分手內幕流出　怒斥：妳想把我毀了？
zh_0956	-	-	WTT中國大滿貫賽　李昱諄惜敗世界第3無緣8強
zh_0957	-	-	舉家觀浪 母子被捲走危殆 父救人同遇溺 政府籲遠離岸邊多人仍聚集
zh_0958	-	-	國際
zh_0959	-	-	海外升學
zh_0960	-	-	台泥三元電池廠火災案燒出保險業的秘辛
zh_0961	-	-	王柏傑4年情斷療傷　楊銘威露面吐好友近況：他很peace
zh_0962	-	-	便宜的 Android 平板有新選擇！7,000 元有找入手 11 吋大螢幕
zh_0963	-	-	东风华为两大一把手密谈，猛士智能越野有新布局？
zh_0964	-	-	曾遭性侵生子 《粉红豹》60年代银幕女神离世
zh_0965	-	-	．下載APP
zh_0966	-	-	獨家》健保總額成長率5.5％破天荒一次拍板
zh_0967	-	-	觀點
zh_0968	-	-	金羊图库更多>>
zh_0969	-	-	风暴眼｜举报27家黑砖厂后，上官正义想不通……
zh_0970	-	-	周杰倫Nike聯名新球鞋！第一個擁有的是他　身分是巨星
zh_0971	-	-	熱麥克風捕捉到普廷和習近平討論器官移植與永生
zh_0972	-	-	外籍摄影师不来新 新人双倍价找替补
zh_0973	-	-	國際 22:28 教宗抨擊川普移民政策   與保守派天主教徒蜜月期告終
zh_0974	-	-	广东凭什么吸引百万英才“职”通未来？
zh_0975	-	-	左撇子女孩金馬9提名　奧斯卡導演西恩貝克笑稱高興得要飛上天
zh_0976	-	-	《天才衝衝衝》讀音惹議！題目「熙熙攘攘」引來賓驚慌失措　工作人員急喊卡
zh_0977	-	-	生活消閒
zh_0978	-	-	吴越黄檗踪迹：崇德道中望福严
zh_0979	-	-	掌聲響起！從棒球場到歷史戰艦　美國敬軍精神深植民心
zh_0980	-	-	保持快樂真的能讓人變年輕？最新研究揭示「這關鍵」成為保養品新解
zh_0981	-	-	“鸡排哥”成流量担当，景德镇如何接住“泼天富贵”？
zh_0982	-	-	【久利生專欄】一間有力挑戰TikTok的公司
zh_0983	-	-	「共眠煞」2病纏身！不打呼難發現　醫示警2類人要當心
zh_0984	-	-	【文化普拉斯】最美麗主持人白嘉莉來了！ 跨界藝術的全方位人生
zh_0985	-	-	H&M第三季度净销售额为570亿瑞典克朗
zh_0986	-	-	花蓮堰塞湖溢流17死　法務部派5組檢察官進駐
zh_0987	-	-	台灣隊連環扣倒這次11:0提前轟垮香港
zh_0988	-	-	涨超62%、比黄金还猛，白银疯涨之谜
zh_0989	-	-	国庆中秋假期怎么过？一起畅游祖国大好河山
zh_0990	-	-	《权力暗战：征途》倒霉蛋走上了人生巅峰
zh_0991	-	-	体育经济，激活一城消费
zh_0992	-	-	可乐生活
zh_0993	-	-	女律師控遭呂秋遠 逼墮胎離職 求償百萬調解告吹
zh_0994	-	-	刘惟诚：谁是土团党内乱的隐形之手？
zh_0995	-	-	曼谷市中心路面大面积塌陷 管道破裂致水电中断
zh_0996	-	-	高雄鳳山車站大樓優化燈光 明年農曆年前完成
zh_0997	-	-	公民
zh_0998	-	-	Smart #4将接棒ForFour 专供欧洲或无缘国内
zh_0999	-	-	「身為文科生我很抱歉」 折射韓國青年就業焦慮
zh_1000	-	-	媒體稱堰塞湖「垂直避難」是新創？ 中央災害應變中心回應了
